{
  "queries": 3,
  "llm": {
    "count": 13,
    "latency": 181.15007901191711,
    "tokens": 11458
  },
  "tools": {
    "search_docs": {
      "count": 2,
      "latency": 11.803988456726074,
      "tokens": 873
    },
    "query_data": {
      "count": 1,
      "latency": 0.0015099048614501953,
      "tokens": 28
    },
    "web_search": {
      "count": 1,
      "latency": 2.1132919788360596,
      "tokens": 219
    }
  }
}